Motorola,"moto g stylus 5G - 128GB ",249.99,249.99,"moto g stylus 5G",//www.att.com/catalog/en/skus/images/motorola-moto%20g%20stylus%205g-cosmic%20emerald-450x350.png,sku1260004,//www.att.com/cellphones/motorola/moto-g-stylus-5g.html#sku=sku1260004,"moto g stylus 5G",900000046,4.4426,prod10310687,pda,/shopmobile/cellphones/motorola/moto-g-stylus-5g.html#sku=sku1260004,//www.att.com/cellphones/motorola/moto-g-stylus-5g.html#sku=sku1260004,"Say hello to the moto g stylus 5G featuring a speedy octa core processor, large 6.8-inch FHD+ Max Vision display, quad rear camera 48+8 Wide+5 Macro+2 Depth MP, and powerful 5,000 mAh fast charging battery.",249.99,//www.att.com/buy/phones/moto-g-stylus-5g-128gb-cosmic-emerald.html
Samsung,"Samsung Galaxy A13 5G - AT&T PREPAID - 64GB ",249.99,249.99,"Galaxy A13 5G",//www.att.com/catalog/en/skus/images/samsung-galaxy%20a13%205g-black-450x350.png,sku10980349,//www.att.com/cellphones/motorola/moto-g-stylus-5g.html#sku=sku1260004,"Samsung Galaxy A13 5G - AT&T PREPAID",900000017,2.75,prod11530327,pda,/shopmobile/cellphones/motorola/moto-g-stylus-5g.html#sku=sku1260004,//www.att.com/cellphones/motorola/moto-g-stylus-5g.html#sku=sku1260004,"Experience the power of AT&T 5G<sup>1</sup> with the new Samsung Galaxy A13 5G. Connect, stream and share throughout the day with its fast-charging2 battery. Capture high resolution photos with the triple rear camera. Enjoy your favorite videos and games in a 6.5-inch, edge-to-edge display and 90 Hz refresh rate that makes scrolling feel smooth.",249.99,//www.att.com/buy/prepaid-phones/samsung-galaxy-a13-5g-64gb-black-prepaid.html
Samsung,"Samsung Galaxy A12 - AT&T PREPAID - 32GB ",179.99,179.99,"Galaxy A12",//www.att.com/catalog/en/skus/images/samsung-galaxy%20a12-blue-450x350.png,sku1250204,//www.att.com/cellphones/samsung/samsung-galaxy-a12-att-prepaid.html#sku=sku1250204,"Samsung Galaxy A12 - AT&T PREPAID",900000021,3.9306,prod10310665,pda,/shopmobile/cellphones/samsung/samsung-galaxy-a12-att-prepaid.html#sku=sku1250204,//www.att.com/cellphones/samsung/samsung-galaxy-a12-att-prepaid.html#sku=sku1250204,"The Samsung Galaxy A12 has a 6.5-inch display, a quad rear camera system, an octa-core processor, and a long-lasting battery so you can stay connected to your favorite people. Galaxy essentials for everyday life with AT&T - all on America's Best Network<sup>1</sup>.",179.99,//www.att.com/buy/prepaid-phones/samsung-galaxy-a12-32gb-blue-prepaid.html
Samsung,"Samsung Galaxy S20 FE 5G- 128GB ",599.99,599.99,"Galaxy S20 FE 5G",//www.att.com/catalog/en/skus/images/samsung-galaxy%20s20%20fe%205g-cloud%20navy-450x350.png,sku1110008,//www.att.com/cellphones/samsung/samsung-galaxy-s20-fe-5g.html#sku=sku1110008,"Samsung Galaxy S20 FE 5G",900000040,4.4578,prod10140225,pda,/shopmobile/cellphones/samsung/samsung-galaxy-s20-fe-5g.html#sku=sku1110008,//www.att.com/cellphones/samsung/samsung-galaxy-s20-fe-5g.html#sku=sku1110008,"The powerful Samsung Galaxy S20 FE 5G is loaded with premium features. Triple rear camera, vivid 6.5"" Full HD+ display with 120Gz refresh rate, long-lasting and super-fast charging 4,500mAh battery.",599.99,//www.att.com/buy/phones/samsung-galaxy-s20-fe-5g-128gb-cloud-navy.html
Cradlepoint,"Cradlepoint E300 ",,,E300,//www.att.com/catalog/en/skus/images/cradlepoint-e300-black-450x350.png,sku2490308,//www.att.com/cellphones/iphone/apple-iphone-12.html#sku=sku10800280,"Cradlepoint E300",0,0,prod10490295,network,/shopmobile/cellphones/iphone/apple-iphone-12.html#sku=sku10800280,//www.att.com/cellphones/iphone/apple-iphone-12.html#sku=sku10800280,"The Cradlepoint NetCloud Enterprise Branch Service with E300 Series Router is ideally suited for pop-up temporary locations, branches, stores, and restaurants. The all-in-one form factor includes full-featured routing, security, and Wi-Fi.",,//www.att.com/buy/connected-devices-and-more/cradlepoint-e300-black.html
AT&T,,0.00,0.00,"Universal SIM",//www.att.com/catalog/en/skus/images/at%26t-universal%20sim-white-450x350.png,sku9350229,//www.att.com/cellphones/att/universal-sim-card-tablet.html#sku=sku9350229,"AT&T Universal SIM Card",473452,0,prod10000222,netbook,/shopmobile/cellphones/att/universal-sim-card-tablet.html#sku=sku9350229,//www.att.com/cellphones/att/universal-sim-card-tablet.html#sku=sku9350229,"AT&T Universal SIM Card",0.00,//www.att.com/buy/phones/universal-sim-card-bring-your-own-tablet.html
Cradlepoint,"Cradlepoint W1850 Series 5G Adapter ",1529.99,1529.99,"W1850 Series 5G Adapter",//www.att.com/catalog/en/skus/images/cradlepoint-w1850%20series%205g%20adapter-white-450x350.png,sku2490307,//www.att.com/cellphones/iphone/apple-iphone-12.html#sku=sku10800281,"Cradlepoint W1850 Series 5G Adapter",0,0,prod10490294,network,/shopmobile/cellphones/iphone/apple-iphone-12.html#sku=sku10800281,//www.att.com/cellphones/iphone/apple-iphone-12.html#sku=sku10800281,"The Cradlepoint W1850 Series 5G Wideband Adapter is an indoor, dual connectivity 5G/LTE adapter designed for fixed locations. It was created for branches that require the higher performance of 5G and the flexibility of wireless.",1529.99,//www.att.com/buy/connected-devices-and-more/cradlepoint-w1850-series-5g-adapter-white.html
AT&T,,0.00,0.00,"Universal SIM",//www.att.com/catalog/en/skus/images/at%26t-universal%20sim-white-450x350.png,sku9350228,//www.att.com/cellphones/att/universal-sim-card-phone.html#sku=sku9350228,"AT&T Universal SIM Card",916351,0,prod10000221,pda,/shopmobile/cellphones/att/universal-sim-card-phone.html#sku=sku9350228,//www.att.com/cellphones/att/universal-sim-card-phone.html#sku=sku9350228,"AT&T Universal SIM Card",0.00,//www.att.com/buy/phones/universal-sim-card-bring-your-own-phone.html
AT&T,,0.00,0.00,"AT&T eSIM Activation Card",//www.att.com/catalog/en/skus/images/at%26t-at%26t%20esim%20activation%20card-black-450x350.png,sku9350222,//www.att.com/cellphones/iphone/iphone-13-pro-max.html#sku=sku2360510,"AT&T eSIM Activation Card",0,0,prod10000220,network,/shopmobile/cellphones/iphone/iphone-13-pro-max.html#sku=sku2360510,//www.att.com/cellphones/iphone/iphone-13-pro-max.html#sku=sku2360510,"AT&T eSIM Activation Card",0.00,//www.att.com/buy/phones/att-activation-sim-card-for-iphone.html
Moxee,"Moxee Mobile Hotspot - 256MB ",84.99,84.99,"Mobile Hotspot",//www.att.com/catalog/en/skus/images/moxee-mobile%20hotspot-black-450x350.png,sku1040178,//www.att.com/devices/moxee/moxee-mobile-hotspot.html#sku=sku1040178,"Moxee Mobile Hotspot",1827,3.5,prod10080230,network,/shopmobile/devices/moxee/moxee-mobile-hotspot.html#sku=sku1040178,//www.att.com/devices/moxee/moxee-mobile-hotspot.html#sku=sku1040178,"Stay connected. Unleash the power of the AT&T 4G LTE network for all of your devices at work and on the road with the Moxee Mobile Hotspot.",84.99,//www.att.com/buy/connected-devices-and-more/moxee-mobile-hotspot-256mb-black.html
Samsung,"Samsung Galaxy A32 5G - AT&T PREPAID - 64GB ",279.99,279.99,"Galaxy A32 5G",//www.att.com/catalog/en/skus/images/samsung-galaxy%20a32%205g-awesome%20black-450x350.png,sku1240057,//www.att.com/cellphones/samsung/samsung-galaxy-a32-5g-att-prepaid.html#sku=sku1240057,"Samsung Galaxy A32 5G - AT&T PREPAID",900000019,4.1831,prod10310280,pda,/shopmobile/cellphones/samsung/samsung-galaxy-a32-5g-att-prepaid.html#sku=sku1240057,//www.att.com/cellphones/samsung/samsung-galaxy-a32-5g-att-prepaid.html#sku=sku1240057,"The Samsung Galaxy A32 5G<sup>1</sup> has a 6.5-inch HD+ Infinity-V display, a long-lasting, fast charging battery, expandable memory, and a quad rear camera system. Enjoy awesome features and more while you stay connected with AT&T 5G. Fast. Reliable. Secure.",279.99,//www.att.com/buy/prepaid-phones/samsung-galaxy-a32-5g-64gb-awesome-black-prepaid.html
Motorola,"motorola one 5G ace - AT&T PREPAID - 64GB ",259.99,259.99,"motorola one 5G ace",//www.att.com/catalog/en/skus/images/motorola-motorola%20one%205g%20ace-volcanic%20gray-450x350.png,sku1220007,//www.att.com/cellphones/motorola/motorola-one-5g-ace-prepaid.html#sku=sku1220007,"motorola one 5G ace - AT&T PREPAID",900000022,4.2787,prod10280287,pda,/shopmobile/cellphones/motorola/motorola-one-5g-ace-prepaid.html#sku=sku1220007,//www.att.com/cellphones/motorola/motorola-one-5g-ace-prepaid.html#sku=sku1220007,"motorola one 5G ace is here which could only mean one thing. Superfast 5G speed for all. Enjoy movies that download in seconds, ultra-clear video chats, and games without the wait.",259.99,//www.att.com/buy/prepaid-phones/motorola-one-5g-ace-prepaid.html
Netgear,"Nighthawk LTE Mobile Hotspot Router ",249.99,249.99,"Nighthawk LTE Mobile Hotspot Router",//www.att.com/catalog/en/skus/images/netgear-nighthawk%20lte%20mobile%20hotspot%20router-steel%20gray-450x350.png,sku8820339,//www.att.com/devices/netgear/nighthawk-lte-mobile-hotspot-router.html#sku=sku8820339,"Nighthawk LTE Mobile Hotspot Router",98118,3.8648,prod9260222,network,/shopmobile/devices/netgear/nighthawk-lte-mobile-hotspot-router.html#sku=sku8820339,//www.att.com/devices/netgear/nighthawk-lte-mobile-hotspot-router.html#sku=sku8820339,"The Nighthawk® LTE Mobile Hotspot Router upgrades the mobile Wi-Fi experience with fast media streaming & sharing, long lasting battery, data offloading, and more. (Requires data connection and may incur charges. AT&T coverage not available everywhere.)",249.99,//www.att.com/buy/connected-devices-and-more/netgear-nighthawk-lte-mobile-hotspot-router-512gb-steel-gray.html
Samsung,"Samsung Galaxy A52 5G - 128GB ",499.99,499.99,"Galaxy A52 5G",//www.att.com/catalog/en/skus/images/samsung-galaxy%20a52%205g-awesome%20black-450x350.png,sku1230012,//www.att.com/cellphones/samsung/samsung-galaxy-a52-5g.html#sku=sku1230012,"Samsung Galaxy A52 5G",33151,4.3887,prod10290283,pda,/shopmobile/cellphones/samsung/samsung-galaxy-a52-5g.html#sku=sku1230012,//www.att.com/cellphones/samsung/samsung-galaxy-a52-5g.html#sku=sku1230012,"The Samsung Galaxy A52 5G has a 6.5-inch FHD+ 120Hz Infinity-O display, is water resistant<sup>1</sup>, and has an awesome quad camera system to capture those precious moments. Be awesome, be creative, and be connected with AT&T 5G. Fast. Reliable. Secure.",499.99,//www.att.com/buy/phones/samsung-galaxy-a52-5g-128gb-awesome-black.html
HARMAN,"HARMAN Spark ",99.99,99.99,Spark,//www.att.com/catalog/en/skus/images/harman-spark-black-450x350.png,sku1160069,//www.att.com/devices/harman/harman-spark-20.html#sku=sku1160069,"HARMAN Spark",9833,2.8,prod10200252,network,/shopmobile/devices/harman/harman-spark-20.html#sku=sku1160069,//www.att.com/devices/harman/harman-spark-20.html#sku=sku1160069,"HARMAN Spark is an easy to use connected car device and app that provides Impact Detection, Vehicle Health, Location Based Services and more. It can also turn your car into a powerful Wi-Fi hotspot.",99.99,//www.att.com/buy/connected-devices-and-more/harman-spark-black.html
Samsung,"Samsung Galaxy A13 5G - 64GB ",249.99,249.99,"Galaxy A13 5G",//www.att.com/catalog/en/skus/images/samsung-galaxy%20a13%205g-black-450x350.png,sku2410291,//www.att.com/cellphones/iphone/apple-iphone-13.html#sku=sku2360526,"Samsung Galaxy A13 5G",900000041,4.1429,prod10410313,pda,/shopmobile/cellphones/iphone/apple-iphone-13.html#sku=sku2360526,//www.att.com/cellphones/iphone/apple-iphone-13.html#sku=sku2360526,"Experience the power of AT&T 5G<sup>1</sup> with the new Samsung Galaxy A13 5G. Connect, stream and share throughout the day with its fast-charging<sup>2</sup> battery. Capture high resolution photos with the triple rear camera. Enjoy your favorite videos and games in a 6.5-inch, edge-to-edge display and 90 Hz refresh rate that makes scrolling feel smooth.",249.99,//www.att.com/buy/phones/samsung-galaxy-a13-5g-64gb-black.html
Samsung,"Samsung Galaxy S22 Ultra - 128GB ",1199.99,1199.99,"Galaxy S22 Ultra",//www.att.com/catalog/en/skus/images/samsung-galaxy%20s22%20ultra-green-450x350.png,sku2490239,//www.att.com/tablets/ipad/apple-ipad-pro-11-inch-2021.html#sku=sku1240032,"Samsung Galaxy S22 Ultra",0,0,prod10490236,pda,/shopmobile/tablets/ipad/apple-ipad-pro-11-inch-2021.html#sku=sku1240032,//www.att.com/tablets/ipad/apple-ipad-pro-11-inch-2021.html#sku=sku1240032,"Presenting the Samsung Galaxy S22 Ultra. Create videos with the 108 MP rear camera. Use the embedded S Pen to sketch ideas on your phone. A battery for a day, and into the next, and super speed with fast processor.",1199.99,//www.att.com/buy/phones/samsung-galaxy-s22-ultra-128gb-green.html
Samsung,"Samsung Galaxy S22 Ultra - 512GB ",1299.99,1299.99,"Galaxy S22 Ultra",//www.att.com/catalog/en/skus/images/samsung-galaxy%20s22%20ultra-phantom%20black-450x350.png,sku2490238,//www.att.com/tablets/ipad/apple-ipad-pro-11-inch-2021.html#sku=sku1240033,"Samsung Galaxy S22 Ultra",1577908,0,prod10490234,pda,/shopmobile/tablets/ipad/apple-ipad-pro-11-inch-2021.html#sku=sku1240033,//www.att.com/tablets/ipad/apple-ipad-pro-11-inch-2021.html#sku=sku1240033,"Presenting the Samsung Galaxy S22 Ultra. Create videos with the 108 MP rear camera. Use the embedded S Pen to sketch ideas on your phone. A battery for a day, and into the next, and super speed with fast processor.",1299.99,//www.att.com/buy/phones/samsung-galaxy-s22-ultra-512gb-phantom-black.html
AT&T,,179.99,179.99,"Global Modem USB800",//www.att.com/catalog/en/skus/images/at%26t-global%20modem%20usb800-black-450x350.png,sku9651009,//www.att.com/devices/att/att-global-modem-usb800.html#sku=sku9651009,"AT&T Global Modem USB800",8148,2.8936,prod10330268,network,/shopmobile/devices/att/att-global-modem-usb800.html#sku=sku9651009,//www.att.com/devices/att/att-global-modem-usb800.html#sku=sku9651009,"A simple, secure USB modem driven by LTE technology which is easy-to-use - just plug it in and connect. The AT&T Global Modem USB800 provides a single LTE connection for people on-the-go who want a secure connection in an attractive design.",179.99,//www.att.com/buy/connected-devices-and-more/att-global-modem-usb800-black.html
Samsung,"Samsung Galaxy S22 Ultra - 512GB ",1299.99,1299.99,"Galaxy S22 Ultra",//www.att.com/catalog/en/skus/images/samsung-galaxy%20s22%20ultra-green-450x350.png,sku2490237,//www.att.com/tablets/ipad/apple-ipad-pro-11-inch-2021.html#sku=sku1240034,"Samsung Galaxy S22 Ultra",1078014,0,prod10490234,pda,/shopmobile/tablets/ipad/apple-ipad-pro-11-inch-2021.html#sku=sku1240034,//www.att.com/tablets/ipad/apple-ipad-pro-11-inch-2021.html#sku=sku1240034,"Presenting the Samsung Galaxy S22 Ultra. Create videos with the 108 MP rear camera. Use the embedded S Pen to sketch ideas on your phone. A battery for a day, and into the next, and super speed with fast processor.",1299.99,//www.att.com/buy/phones/samsung-galaxy-s22-ultra-512gb-green.html
AT&T,,0.00,0.00,"SIM for AT&T PREPAID (Phone) devices",//www.att.com/catalog/en/skus/images/at%26t-sim%20for%20at%26t%20prepaid%20(phone)%20devices-white-450x350.png,sku7420309,//www.att.com/cellphones/prepaidphones/sim-card-kit-phone-prepaid.html#sku=sku7420309,"AT&T PREPAID SIM Card (Phone)",522405,3.7554,prod8110286,handset,/shopmobile/cellphones/prepaidphones/sim-card-kit-phone-prepaid.html#sku=sku7420309,//www.att.com/cellphones/prepaidphones/sim-card-kit-phone-prepaid.html#sku=sku7420309,"Purchase a AT&T PREPAID SIM card for your own phone.",0.00,//www.att.com/buy/prepaid-phones/att-prepaid-sim-card-kit-white-prepaid.html
Samsung,"Samsung Galaxy S22 Ultra - 256GB ",1199.99,1199.99,"Galaxy S22 Ultra",//www.att.com/catalog/en/skus/images/samsung-galaxy%20s22%20ultra-burgundy-450x350.png,sku2490245,//www.att.com/cellphones/prepaidphones/sim-card-kit-phone-prepaid.html#sku=sku7420309,"Samsung Galaxy S22 Ultra",900000055,0,prod10490235,pda,/shopmobile/cellphones/prepaidphones/sim-card-kit-phone-prepaid.html#sku=sku7420309,//www.att.com/cellphones/prepaidphones/sim-card-kit-phone-prepaid.html#sku=sku7420309,"Presenting the Samsung Galaxy S22 Ultra. Create videos with the 108 MP rear camera. Use the embedded S Pen to sketch ideas on your phone. A battery for a day, and into the next, and super speed with fast processor.",1199.99,//www.att.com/buy/phones/samsung-galaxy-s22-ultra-256gb-burgundy.html
Samsung,"Samsung Galaxy S22 Ultra - 128GB ",1199.99,1199.99,"Galaxy S22 Ultra",//www.att.com/catalog/en/skus/images/samsung-galaxy%20s22%20ultra-burgundy-450x350.png,sku2490244,//www.att.com/cellphones/prepaidphones/sim-card-kit-phone-prepaid.html#sku=sku7420309,"Samsung Galaxy S22 Ultra",0,0,prod10490236,pda,/shopmobile/cellphones/prepaidphones/sim-card-kit-phone-prepaid.html#sku=sku7420309,//www.att.com/cellphones/prepaidphones/sim-card-kit-phone-prepaid.html#sku=sku7420309,"Presenting the Samsung Galaxy S22 Ultra. Create videos with the 108 MP rear camera. Use the embedded S Pen to sketch ideas on your phone. A battery for a day, and into the next, and super speed with fast processor.",1199.99,//www.att.com/buy/phones/samsung-galaxy-s22-ultra-128gb-burgundy.html
Samsung,"Samsung Galaxy S22 Ultra - 128GB ",1199.99,1199.99,"Galaxy S22 Ultra",//www.att.com/catalog/en/skus/images/samsung-galaxy%20s22%20ultra-phantom%20black-450x350.png,sku2490243,//www.att.com/cellphones/prepaidphones/sim-card-kit-phone-prepaid.html#sku=sku7420309,"Samsung Galaxy S22 Ultra",0,0,prod10490236,pda,/shopmobile/cellphones/prepaidphones/sim-card-kit-phone-prepaid.html#sku=sku7420309,//www.att.com/cellphones/prepaidphones/sim-card-kit-phone-prepaid.html#sku=sku7420309,"Presenting the Samsung Galaxy S22 Ultra. Create videos with the 108 MP rear camera. Use the embedded S Pen to sketch ideas on your phone. A battery for a day, and into the next, and super speed with fast processor.",1199.99,//www.att.com/buy/phones/samsung-galaxy-s22-ultra-128gb-phantom-black.html
Samsung,"Samsung Galaxy S22 Ultra - 512GB ",1299.99,1299.99,"Galaxy S22 Ultra",//www.att.com/catalog/en/skus/images/samsung-galaxy%20s22%20ultra-burgundy-450x350.png,sku2490242,//www.att.com/cellphones/prepaidphones/sim-card-kit-phone-prepaid.html#sku=sku7420309,"Samsung Galaxy S22 Ultra",967921,0,prod10490234,pda,/shopmobile/cellphones/prepaidphones/sim-card-kit-phone-prepaid.html#sku=sku7420309,//www.att.com/cellphones/prepaidphones/sim-card-kit-phone-prepaid.html#sku=sku7420309,"Presenting the Samsung Galaxy S22 Ultra. Create videos with the 108 MP rear camera. Use the embedded S Pen to sketch ideas on your phone. A battery for a day, and into the next, and super speed with fast processor.",1299.99,//www.att.com/buy/phones/samsung-galaxy-s22-ultra-512gb-burgundy.html
Samsung,"Samsung Galaxy S22 Ultra - 256GB ",1199.99,1199.99,"Galaxy S22 Ultra",//www.att.com/catalog/en/skus/images/samsung-galaxy%20s22%20ultra-phantom%20black-450x350.png,sku2490241,//www.att.com/cellphones/prepaidphones/sim-card-kit-phone-prepaid.html#sku=sku7420309,"Samsung Galaxy S22 Ultra",1176518,0,prod10490235,pda,/shopmobile/cellphones/prepaidphones/sim-card-kit-phone-prepaid.html#sku=sku7420309,//www.att.com/cellphones/prepaidphones/sim-card-kit-phone-prepaid.html#sku=sku7420309,"Presenting the Samsung Galaxy S22 Ultra. Create videos with the 108 MP rear camera. Use the embedded S Pen to sketch ideas on your phone. A battery for a day, and into the next, and super speed with fast processor.",1199.99,//www.att.com/buy/phones/samsung-galaxy-s22-ultra-256gb-phantom-black.html
Samsung,"Samsung Galaxy S22 Ultra - 256GB ",1199.99,1199.99,"Galaxy S22 Ultra",//www.att.com/catalog/en/skus/images/samsung-galaxy%20s22%20ultra-green-450x350.png,sku2490240,//www.att.com/cellphones/prepaidphones/sim-card-kit-phone-prepaid.html#sku=sku7420309,"Samsung Galaxy S22 Ultra",749842,0,prod10490235,pda,/shopmobile/cellphones/prepaidphones/sim-card-kit-phone-prepaid.html#sku=sku7420309,//www.att.com/cellphones/prepaidphones/sim-card-kit-phone-prepaid.html#sku=sku7420309,"Presenting the Samsung Galaxy S22 Ultra. Create videos with the 108 MP rear camera. Use the embedded S Pen to sketch ideas on your phone. A battery for a day, and into the next, and super speed with fast processor.",1199.99,//www.att.com/buy/phones/samsung-galaxy-s22-ultra-256gb-green.html
Samsung,"Samsung Galaxy S22 - 256GB ",799.99,799.99,"Galaxy S22",//www.att.com/catalog/en/skus/images/samsung-galaxy%20s22-phantom%20black-450x350.png,sku2490229,//www.att.com/tablets/ipad/apple-ipad-pro-129-inch-2021.html#sku=sku1240041,"Samsung Galaxy S22",1143420,0,prod10490231,pda,/shopmobile/tablets/ipad/apple-ipad-pro-129-inch-2021.html#sku=sku1240041,//www.att.com/tablets/ipad/apple-ipad-pro-129-inch-2021.html#sku=sku1240041,"The Samsung Galaxy S22. Take and share adorable pet portraits with the 50 MP rear camera. Video calls look incredible on the 6.1-inch display. And the seamless camera detailing provides a striking design.",799.99,//www.att.com/buy/phones/samsung-galaxy-s22-256gb-phantom-black.html
Samsung,"Samsung Galaxy S22 - 128GB ",799.99,799.99,"Galaxy S22",//www.att.com/catalog/en/skus/images/samsung-galaxy%20s22-pink%20gold-450x350.png,sku2490228,//www.att.com/tablets/ipad/apple-ipad-pro-129-inch-2021.html#sku=sku1240042,"Samsung Galaxy S22",0,0,prod10490230,pda,/shopmobile/tablets/ipad/apple-ipad-pro-129-inch-2021.html#sku=sku1240042,//www.att.com/tablets/ipad/apple-ipad-pro-129-inch-2021.html#sku=sku1240042,"The Samsung Galaxy S22. Take and share adorable pet portraits with the 50 MP rear camera. Video calls look incredible on the 6.1-inch display. And the seamless camera detailing provides a striking design.",799.99,//www.att.com/buy/phones/samsung-galaxy-s22-128gb-pink-gold.html
Samsung,"Samsung Galaxy S22 - 256GB ",799.99,799.99,"Galaxy S22",//www.att.com/catalog/en/skus/images/samsung-galaxy%20s22-green-450x350.png,sku2490226,//www.att.com/tablets/ipad/apple-ipad-pro-129-inch-2021.html#sku=sku1240044,"Samsung Galaxy S22",898125,0,prod10490231,pda,/shopmobile/tablets/ipad/apple-ipad-pro-129-inch-2021.html#sku=sku1240044,//www.att.com/tablets/ipad/apple-ipad-pro-129-inch-2021.html#sku=sku1240044,"The Samsung Galaxy S22. Take and share adorable pet portraits with the 50 MP rear camera. Video calls look incredible on the 6.1-inch display. And the seamless camera detailing provides a striking design.",799.99,//www.att.com/buy/phones/samsung-galaxy-s22-256gb-green.html
Samsung,"Samsung Galaxy S22 Ultra - 128GB ",1199.99,1199.99,"Galaxy S22 Ultra",//www.att.com/catalog/en/skus/images/samsung-galaxy%20s22%20ultra-phantom%20white-450x350.png,sku2490236,//www.att.com/tablets/ipad/apple-ipad-pro-129-inch-2021.html#sku=sku1240045,"Samsung Galaxy S22 Ultra",0,0,prod10490236,pda,/shopmobile/tablets/ipad/apple-ipad-pro-129-inch-2021.html#sku=sku1240045,//www.att.com/tablets/ipad/apple-ipad-pro-129-inch-2021.html#sku=sku1240045,"Presenting the Samsung Galaxy S22 Ultra. Create videos with the 108 MP rear camera. Use the embedded S Pen to sketch ideas on your phone. A battery for a day, and into the next, and super speed with fast processor.",1199.99,//www.att.com/buy/phones/samsung-galaxy-s22-ultra-128gb-phantom-white.html
Samsung,"Samsung Galaxy S22 Ultra - 256GB ",1199.99,1199.99,"Galaxy S22 Ultra",//www.att.com/catalog/en/skus/images/samsung-galaxy%20s22%20ultra-phantom%20white-450x350.png,sku2490235,//www.att.com/tablets/ipad/apple-ipad-pro-129-inch-2021.html#sku=sku1240045,"Samsung Galaxy S22 Ultra",435221,0,prod10490235,pda,/shopmobile/tablets/ipad/apple-ipad-pro-129-inch-2021.html#sku=sku1240045,//www.att.com/tablets/ipad/apple-ipad-pro-129-inch-2021.html#sku=sku1240045,"Presenting the Samsung Galaxy S22 Ultra. Create videos with the 108 MP rear camera. Use the embedded S Pen to sketch ideas on your phone. A battery for a day, and into the next, and super speed with fast processor.",1199.99,//www.att.com/buy/phones/samsung-galaxy-s22-ultra-256gb-phantom-white.html
Samsung,"Samsung Galaxy S22 Ultra - 512GB ",1299.99,1299.99,"Galaxy S22 Ultra",//www.att.com/catalog/en/skus/images/samsung-galaxy%20s22%20ultra-phantom%20white-450x350.png,sku2490234,//www.att.com/tablets/ipad/apple-ipad-pro-129-inch-2021.html#sku=sku1240045,"Samsung Galaxy S22 Ultra",554385,0,prod10490234,pda,/shopmobile/tablets/ipad/apple-ipad-pro-129-inch-2021.html#sku=sku1240045,//www.att.com/tablets/ipad/apple-ipad-pro-129-inch-2021.html#sku=sku1240045,"Presenting the Samsung Galaxy S22 Ultra. Create videos with the 108 MP rear camera. Use the embedded S Pen to sketch ideas on your phone. A battery for a day, and into the next, and super speed with fast processor.",1299.99,//www.att.com/buy/phones/samsung-galaxy-s22-ultra-512gb-phantom-white.html
Samsung,"Samsung Galaxy S22 - 128GB ",799.99,799.99,"Galaxy S22",//www.att.com/catalog/en/skus/images/samsung-galaxy%20s22-green-450x350.png,sku2490232,//www.att.com/tablets/ipad/apple-ipad-pro-129-inch-2021.html#sku=sku1240045,"Samsung Galaxy S22",0,0,prod10490230,pda,/shopmobile/tablets/ipad/apple-ipad-pro-129-inch-2021.html#sku=sku1240045,//www.att.com/tablets/ipad/apple-ipad-pro-129-inch-2021.html#sku=sku1240045,"The Samsung Galaxy S22. Take and share adorable pet portraits with the 50 MP rear camera. Video calls look incredible on the 6.1-inch display. And the seamless camera detailing provides a striking design.",799.99,//www.att.com/buy/phones/samsung-galaxy-s22-128gb-green.html
Samsung,"Samsung Galaxy A12 - 32GB ",179.99,179.99,"Galaxy A12",//www.att.com/catalog/en/skus/images/samsung-galaxy%20a12-black-450x350.png,sku1230007,//www.att.com/cellphones/samsung/samsung-galaxy-a12.html#sku=sku1230007,"Samsung Galaxy A12",45372,4.1484,prod10290259,pda,/shopmobile/cellphones/samsung/samsung-galaxy-a12.html#sku=sku1230007,//www.att.com/cellphones/samsung/samsung-galaxy-a12.html#sku=sku1230007,"The Samsung Galaxy A12 has a 6.5-inch display, a quad rear camera system, an octa-core processor, and a long-lasting battery so you can stay connected to your favorite people. Galaxy essentials for everyday life with AT&T - all on America’s Best Network<sup>1</sup>.
",179.99,//www.att.com/buy/phones/samsung-galaxy-a12-32gb-black.html
Samsung,"Samsung Galaxy S22 - 256GB ",799.99,799.99,"Galaxy S22",//www.att.com/catalog/en/skus/images/samsung-galaxy%20s22-phantom%20white-450x350.png,sku2490230,//www.att.com/cellphones/samsung/samsung-galaxy-a12.html#sku=sku1230007,"Samsung Galaxy S22",329869,0,prod10490231,pda,/shopmobile/cellphones/samsung/samsung-galaxy-a12.html#sku=sku1230007,//www.att.com/cellphones/samsung/samsung-galaxy-a12.html#sku=sku1230007,"The Samsung Galaxy S22. Take and share adorable pet portraits with the 50 MP rear camera. Video calls look incredible on the 6.1-inch display. And the seamless camera detailing provides a striking design.",799.99,//www.att.com/buy/phones/samsung-galaxy-s22-256gb-phantom-white.html
AT&T,"AT&T Calypso 2 - AT&T PREPAID - 32GB ",79.99,79.99,"Calypso 2",//www.att.com/catalog/en/skus/images/at%26t-calypso%202-satin%20silver-450x350.png,sku2400223,//www.att.com/cellphones/iphone/apple-iphone-12-pro-max.html#sku=sku1150094,"AT&T Calypso 2 - AT&T PREPAID",900000020,3.6,prod10410232,pda,/shopmobile/cellphones/iphone/apple-iphone-12-pro-max.html#sku=sku1150094,//www.att.com/cellphones/iphone/apple-iphone-12-pro-max.html#sku=sku1150094,"AT&T Calypso 2's large 5.5-inch display is perfect for taking great photos with the 5MP front/8MP rear camera. Loaded with Android 11 (Go Edition) and 2GB/32GB memory, Calypso 2 helps you save data and keeps you on the go longer on the 2500mAh battery.",79.99,//www.att.com/buy/prepaid-phones/att-calypso-2-32gb-satin-silver-prepaid.html
Samsung,"Samsung Galaxy S22 - 256GB ",799.99,799.99,"Galaxy S22",//www.att.com/catalog/en/skus/images/samsung-galaxy%20s22-pink%20gold-450x350.png,sku2490225,//www.att.com/cellphones/iphone/apple-iphone-12-pro-max.html#sku=sku1150097,"Samsung Galaxy S22",900000056,0,prod10490231,pda,/shopmobile/cellphones/iphone/apple-iphone-12-pro-max.html#sku=sku1150097,//www.att.com/cellphones/iphone/apple-iphone-12-pro-max.html#sku=sku1150097,"The Samsung Galaxy S22. Take and share adorable pet portraits with the 50 MP rear camera. Video calls look incredible on the 6.1-inch display. And the seamless camera detailing provides a striking design.",799.99,//www.att.com/buy/phones/samsung-galaxy-s22-256gb-pink-gold.html
Samsung,"Samsung Galaxy S22 - 128GB ",799.99,799.99,"Galaxy S22",//www.att.com/catalog/en/skus/images/samsung-galaxy%20s22-phantom%20white-450x350.png,sku2490223,//www.att.com/cellphones/iphone/apple-iphone-12-pro-max.html#sku=sku1150097,"Samsung Galaxy S22",0,0,prod10490230,pda,/shopmobile/cellphones/iphone/apple-iphone-12-pro-max.html#sku=sku1150097,//www.att.com/cellphones/iphone/apple-iphone-12-pro-max.html#sku=sku1150097,"The Samsung Galaxy S22. Take and share adorable pet portraits with the 50 MP rear camera. Video calls look incredible on the 6.1-inch display. And the seamless camera detailing provides a striking design.",799.99,//www.att.com/buy/phones/samsung-galaxy-s22-128gb-phantom-white.html
Samsung,"Samsung Galaxy S22 - 128GB ",799.99,799.99,"Galaxy S22",//www.att.com/catalog/en/skus/images/samsung-galaxy%20s22-phantom%20black-450x350.png,sku2490222,//www.att.com/cellphones/iphone/apple-iphone-12-pro-max.html#sku=sku1150097,"Samsung Galaxy S22",0,0,prod10490230,pda,/shopmobile/cellphones/iphone/apple-iphone-12-pro-max.html#sku=sku1150097,//www.att.com/cellphones/iphone/apple-iphone-12-pro-max.html#sku=sku1150097,"The Samsung Galaxy S22. Take and share adorable pet portraits with the 50 MP rear camera. Video calls look incredible on the 6.1-inch display. And the seamless camera detailing provides a striking design.",799.99,//www.att.com/buy/phones/samsung-galaxy-s22-128gb-phantom-black.html
Motorola,"moto g PLAY - AT&T PREPAID - 32GB ",99.99,99.99,"moto g PLAY",//www.att.com/catalog/en/skus/images/motorola-moto%20g%20play-flash%20gray-450x350.png,sku2490220,//www.att.com/cellphones/iphone/apple-iphone-12-pro-max.html#sku=sku1150097,"moto g PLAY - AT&T PREPAID",900000025,0,prod10490228,pda,/shopmobile/cellphones/iphone/apple-iphone-12-pro-max.html#sku=sku1150097,//www.att.com/cellphones/iphone/apple-iphone-12-pro-max.html#sku=sku1150097,"Watch games, movies, and video chats come to life on its massive ultra-wide display. Keep the fun going for up to three days<sup>1</sup> with a massive 5,000mAh battery. Whether it's the responsive performance or dual camera system, there's more to love with moto g play.",99.99,//www.att.com/buy/prepaid-phones/motorola-moto-g-play-32gb-flash-gray-prepaid.html
LG,"LG VELVET 5G - 128GB ",599.99,599.99,"VELVET 5G",//www.att.com/catalog/en/skus/images/lg-velvet%205g-aurora%20silver-450x350.png,sku1070007,//www.att.com/cellphones/lg/lg-velvet.html#sku=sku1070007,"LG VELVET 5G",422,4.3064,prod10100237,pda,/shopmobile/cellphones/lg/lg-velvet.html#sku=sku1070007,//www.att.com/cellphones/lg/lg-velvet.html#sku=sku1070007,"The LG VELVET(TM) 5G stands out in a crowd with a striking design, premium features, and unbridled performance.",599.99,//www.att.com/buy/phones/lg-velvet-5g-128gb-aurora-silver.html
Samsung,"Samsung Galaxy XCover Pro - 64GB ",509.99,509.99,"Galaxy XCover Pro",//www.att.com/catalog/en/skus/images/samsung-galaxy%20xcover%20pro-black-450x350.png,sku1180032,//www.att.com/cellphones/samsung/samsung-galaxy-xcover-pro.html#sku=sku1180032,"Samsung Galaxy XCover Pro",14118,3.7273,prod10230240,pda,/shopmobile/cellphones/samsung/samsung-galaxy-xcover-pro.html#sku=sku1180032,//www.att.com/cellphones/samsung/samsung-galaxy-xcover-pro.html#sku=sku1180032,"Be ready for anything with the Samsung Galaxy XCover Pro. This rugged 4G LTE smartphone can seamlessly move from the work site to the camp site. Just like you, the Samsung Galaxy XCover Pro makes no excuses and gets the job done. ",509.99,//www.att.com/buy/phones/samsung-galaxy-xcover-pro-64gb-black.html
Kyocera,,449.99,449.99,"DuraForce PRO 2",//www.att.com/catalog/en/skus/images/kyocera-duraforce%20pro%202-black-450x350.png,sku9540240,//www.att.com/cellphones/kyocera/duraforce-pro-2.html#sku=sku9540240,"Kyocera DuraForce PRO 2",13345,4.1174,prod10190241,pda,/shopmobile/cellphones/kyocera/duraforce-pro-2.html#sku=sku9540240,//www.att.com/cellphones/kyocera/duraforce-pro-2.html#sku=sku9540240,"DuraForce PRO 2 is an LTE smartphone that's ready for your wild adventures, with 106dB loudspeakers, noise-cancelling, PTT support, ample security features, wireless charging, USB Type-C, 4K action camera, and a 2 year manufacturer's warranty.",449.99,//www.att.com/buy/phones/kyocera-duraforce-pro-2-64gb-black.html
Samsung,"Samsung Galaxy S20 Ultra 5G - 128GB ",1399.99,1399.99,"Galaxy S20 Ultra 5G",//www.att.com/catalog/en/skus/images/samsung-galaxy%20s20%20ultra%205g-cosmic%20black-450x350.png,sku1000443,//www.att.com/cellphones/samsung/samsung-galaxy-s20-ultra-5g.html#sku=sku1000443,"Samsung Galaxy S20 Ultra 5G",1194,4.3827,prod10000484,pda,/shopmobile/cellphones/samsung/samsung-galaxy-s20-ultra-5g.html#sku=sku1000443,//www.att.com/cellphones/samsung/samsung-galaxy-s20-ultra-5g.html#sku=sku1000443,"The Samsung Galaxy S20 Ultra 5G is the ultimate powerhouse with an astonishing camera and unprecedented 100X Ultra Space Zoom.",1399.99,//www.att.com/buy/phones/samsung-galaxy-s20-ultra-5g-128gb-cosmic-black.html
Samsung,"Samsung Galaxy S20+ 5G - 128GB ",1199.99,1199.99,"Galaxy S20+ 5G",//www.att.com/catalog/en/skus/images/samsung-galaxy%20s20+%205g-cosmic%20black-450x350.png,sku1000446,//www.att.com/cellphones/samsung/samsung-galaxy-s20plus-5g.html#sku=sku1000446,"Samsung Galaxy S20+ 5G",5690,4.3273,prod10630223,pda,/shopmobile/cellphones/samsung/samsung-galaxy-s20plus-5g.html#sku=sku1000446,//www.att.com/cellphones/samsung/samsung-galaxy-s20plus-5g.html#sku=sku1000446,"The Samsung Galaxy S20+ 5G helps you superpower virtually everything you create with pro-grade-like quad lenses and 30X Super Space Zoom.",1199.99,//www.att.com/buy/phones/samsung-galaxy-s20plus-5g-128gb-cosmic-black.html
Samsung,"Samsung Galaxy S21 FE 5G - 128GB ",699.99,699.99,"Galaxy S21 FE 5G",//www.att.com/catalog/en/skus/images/samsung-galaxy%20s21%20fe%205g-lavender-450x350.png,sku2440223,//www.att.com/cellphones/samsung/samsung-galaxy-s20plus-5g.html#sku=sku1000446,"Samsung Galaxy S21 FE 5G",126142,4.216,prod10440245,pda,/shopmobile/cellphones/samsung/samsung-galaxy-s20plus-5g.html#sku=sku1000446,//www.att.com/cellphones/samsung/samsung-galaxy-s20plus-5g.html#sku=sku1000446,"The Samsung Galaxy S21 FE 5G features the best processor in a Galaxy smartphone, so you can do more & take advantage of AT&T 5G<sup>1</sup>. Its battery keeps you going all day & into the night<sup>2</sup>. And capture your best side with its impressive 32 MP selfie camera.",699.99,//www.att.com/buy/phones/samsung-galaxy-s21-fe-5g-128gb-lavender.html
Samsung,"Samsung Galaxy S21 FE 5G - 256GB ",769.99,769.99,"Galaxy S21 FE 5G",//www.att.com/catalog/en/skus/images/samsung-galaxy%20s21%20fe%205g-graphite-450x350.png,sku2440224,//www.att.com/cellphones/samsung/samsung-galaxy-s20plus-5g.html#sku=sku1000446,"Samsung Galaxy S21 FE 5G",82596,4.216,prod10440246,pda,/shopmobile/cellphones/samsung/samsung-galaxy-s20plus-5g.html#sku=sku1000446,//www.att.com/cellphones/samsung/samsung-galaxy-s20plus-5g.html#sku=sku1000446,"The Samsung Galaxy S21 FE 5G features the best processor in a Galaxy smartphone, so you can do more & take advantage of AT&T 5G<sup>1</sup>. Its battery keeps you going all day & into the night<sup>2</sup>. And capture your best side with its impressive 32 MP selfie camera.",769.99,//www.att.com/buy/phones/samsung-galaxy-s21-fe-5g-256gb-graphite.html
Samsung,"Samsung Galaxy S21 FE 5G - 128GB ",699.99,699.99,"Galaxy S21 FE 5G",//www.att.com/catalog/en/skus/images/samsung-galaxy%20s21%20fe%205g-white-450x350.png,sku2440225,//www.att.com/cellphones/samsung/samsung-galaxy-s20plus-5g.html#sku=sku1000446,"Samsung Galaxy S21 FE 5G",26619,4.216,prod10440245,pda,/shopmobile/cellphones/samsung/samsung-galaxy-s20plus-5g.html#sku=sku1000446,//www.att.com/cellphones/samsung/samsung-galaxy-s20plus-5g.html#sku=sku1000446,"The Samsung Galaxy S21 FE 5G features the best processor in a Galaxy smartphone, so you can do more & take advantage of AT&T 5G<sup>1</sup>. Its battery keeps you going all day & into the night<sup>2</sup>. And capture your best side with its impressive 32 MP selfie camera.",699.99,//www.att.com/buy/phones/samsung-galaxy-s21-fe-5g-128gb-white.html
AT&T,"AT&T RADIANT Max 5G - 64GB ",179.99,179.99,"RADIANT Max 5G",//www.att.com/catalog/en/skus/images/at%26t-radiant%20max%205g-electric%20blue-450x350.png,sku2360220,//www.att.com/cellphones/att/att-radiant-max-5g-att-prepaid.html#sku=sku2360220,"AT&T RADIANT Max 5G - AT&T PREPAID",900000018,3.2941,prod10340232,pda,/shopmobile/cellphones/att/att-radiant-max-5g-att-prepaid.html#sku=sku2360220,//www.att.com/cellphones/att/att-radiant-max-5g-att-prepaid.html#sku=sku2360220,"The AT&amp;T RADIANT&trade; Max 5G can transform your world by bringing more to your fingertips in real time than ever before, and its powerful Octa-core MediaTek Dimensity 700 processor ensures remarkable performance so you can live life seamlessly, whether at work or at play.",179.99,//www.att.com/buy/prepaid-phones/att-radiant-max-5g-64gb-electric-blue-prepaid.html
AT&T,,0.00,0.00,"Universal Activation Card",//www.att.com/catalog/en/skus/images/at%26t-universal%20activation%20card-black-450x350.png,sku9900286,//www.att.com/cellphones/att/att-radiant-max-5g-att-prepaid.html#sku=sku2360220,"AT&T Universal Activation Card",189985,0,prod10550279,network,/shopmobile/cellphones/att/att-radiant-max-5g-att-prepaid.html#sku=sku2360220,//www.att.com/cellphones/att/att-radiant-max-5g-att-prepaid.html#sku=sku2360220,"AT&T Universal Activation Card",0.00,//www.att.com/buy/phones/att-universal-activation-card-phone-black-samsung-watch.html
Samsung,"Samsung Galaxy S21 FE 5G - 128GB ",699.99,699.99,"Galaxy S21 FE 5G",//www.att.com/catalog/en/skus/images/samsung-galaxy%20s21%20fe%205g-graphite-450x350.png,sku2440221,//www.att.com/cellphones/att/att-radiant-max-5g-att-prepaid.html#sku=sku2360220,"Samsung Galaxy S21 FE 5G",900000049,4.216,prod10440245,pda,/shopmobile/cellphones/att/att-radiant-max-5g-att-prepaid.html#sku=sku2360220,//www.att.com/cellphones/att/att-radiant-max-5g-att-prepaid.html#sku=sku2360220,"The Samsung Galaxy S21 FE 5G features the best processor in a Galaxy smartphone, so you can do more & take advantage of AT&T 5G<sup>1</sup>. Its battery keeps you going all day & into the night<sup>2</sup>. And capture your best side with its impressive 32 MP selfie camera.",699.99,//www.att.com/buy/phones/samsung-galaxy-s21-fe-5g-128gb-graphite.html
Samsung,"Samsung Galaxy S21 FE 5G - 128GB ",699.99,699.99,"Galaxy S21 FE 5G",//www.att.com/catalog/en/skus/images/samsung-galaxy%20s21%20fe%205g-olive-450x350.png,sku2440222,//www.att.com/cellphones/att/att-radiant-max-5g-att-prepaid.html#sku=sku2360220,"Samsung Galaxy S21 FE 5G",43335,4.216,prod10440245,pda,/shopmobile/cellphones/att/att-radiant-max-5g-att-prepaid.html#sku=sku2360220,//www.att.com/cellphones/att/att-radiant-max-5g-att-prepaid.html#sku=sku2360220,"The Samsung Galaxy S21 FE 5G features the best processor in a Galaxy smartphone, so you can do more & take advantage of AT&T 5G<sup>1</sup>. Its battery keeps you going all day & into the night<sup>2</sup>. And capture your best side with its impressive 32 MP selfie camera.",699.99,//www.att.com/buy/phones/samsung-galaxy-s21-fe-5g-128gb-olive.html
Motorola,"motorola one 5G - 128GB ",444.99,444.99,"motorola one 5G",//www.att.com/catalog/en/skus/images/motorola-motorola%20one%205g-oxford%20blue-450x350.png,sku1090031,//www.att.com/cellphones/motorola/motorola-one-5g.html#sku=sku1090031,"motorola one 5G",7094,4.327,prod10120234,pda,/shopmobile/cellphones/motorola/motorola-one-5g.html#sku=sku1090031,//www.att.com/cellphones/motorola/motorola-one-5g.html#sku=sku1090031,"Meet the motorola one 5G, bringing 5G speed, a quad-camera system, and a 6.7-inch display to everyone. Capture photos with the 48 MP quad-camera system. Go for up to two days1 with the 5,000mAh battery. Enjoy your movies on the 6.7-inch display. And get to the good stuff fast with a fast processor.",444.99,//www.att.com/buy/phones/motorola-one-5g-128gb-oxford-blue.html
Samsung,"Samsung Galaxy A02s - AT&T PREPAID - 32GB ",119.99,119.99,"Galaxy A02s",//www.att.com/catalog/en/skus/images/samsung-galaxy%20a02s-black-450x350.png,sku1250031,//www.att.com/cellphones/samsung/samsung-galaxy-a02s-att-prepaid.html#sku=sku1250031,"Samsung Galaxy A02s - AT&T PREPAID",900000023,3.8571,prod10310490,pda,/shopmobile/cellphones/samsung/samsung-galaxy-a02s-att-prepaid.html#sku=sku1250031,//www.att.com/cellphones/samsung/samsung-galaxy-a02s-att-prepaid.html#sku=sku1250031,"You need a phone you can count on. With Galaxy A02s, we've taken the everyday essentials and kicked them up a notch. That means you get a long-lasting battery, expandable storage, a sleek edge-to-edge display and a stand-out multi-lens camera experience, all at an affordable price.",119.99,//www.att.com/buy/prepaid-phones/samsung-galaxy-a02s-32gb-black-prepaid.html
Samsung,"Samsung Galaxy Z Flip3 5G - 128GB ",999.99,999.99,"Galaxy Z Flip3 5G",//www.att.com/catalog/en/skus/images/samsung-galaxy%20z%20flip3%205g-lavender-450x350.png,sku1690050,//www.att.com/cellphones/samsung/samsung-galaxy-z-flip3-5g.html#sku=sku1690050,"Samsung Galaxy Z Flip3 5G",58155,4.5225,prod10330306,pda,/shopmobile/cellphones/samsung/samsung-galaxy-z-flip3-5g.html#sku=sku1690050,//www.att.com/cellphones/samsung/samsung-galaxy-z-flip3-5g.html#sku=sku1690050,"The Samsung Galaxy Z Flip3 5G<sup>1</sup> holds its own with hands-free pics and video calls, is water resistant<sup>2</sup>, has cover screen for notifications, and can multi-task up to two apps at a time. Flex your way with AT&T 5G.",999.99,//www.att.com/buy/phones/samsung-galaxy-z-flip3-5g-128gb-lavender.html
Samsung,"Samsung Galaxy Z Flip3 5G - 128GB ",999.99,999.99,"Galaxy Z Flip3 5G",//www.att.com/catalog/en/skus/images/samsung-galaxy%20z%20flip3%205g-phantom%20black-450x350.png,sku1690051,//www.att.com/cellphones/samsung/samsung-galaxy-z-flip3-5g.html#sku=sku1690051,"Samsung Galaxy Z Flip3 5G",58576,4.5241,prod10330306,pda,/shopmobile/cellphones/samsung/samsung-galaxy-z-flip3-5g.html#sku=sku1690051,//www.att.com/cellphones/samsung/samsung-galaxy-z-flip3-5g.html#sku=sku1690051,"The Samsung Galaxy Z Flip3 5G<sup>1</sup> holds its own with hands-free pics and video calls, is water resistant<sup>2</sup>, has cover screen for notifications, and can multi-task up to two apps at a time. Flex your way with AT&T 5G.",999.99,//www.att.com/buy/phones/samsung-galaxy-z-flip3-5g-128gb-phantom-black.html
Samsung,"Samsung Galaxy S20 5G - 128GB ",999.99,999.99,"Galaxy S20 5G",//www.att.com/catalog/en/skus/images/samsung-galaxy%20s20%205g-cosmic%20gray-450x350.png,sku10000254,//www.att.com/cellphones/samsung/samsung-galaxy-s20-5g.html#sku=sku10000254,"Samsung Galaxy S20 5G",11940,4.4272,prod10630222,pda,/shopmobile/cellphones/samsung/samsung-galaxy-s20-5g.html#sku=sku10000254,//www.att.com/cellphones/samsung/samsung-galaxy-s20-5g.html#sku=sku10000254,"The Samsung Galaxy S20 5G, with innovative camera features and powerful battery, lets you transform and share your galaxy in fun ways.",999.99,//www.att.com/buy/phones/samsung-galaxy-s20-5g-128gb-cosmic-gray.html
Samsung,"Samsung Galaxy A51 5G - 128 GB ",499.99,499.99,"Galaxy A51 5G",//www.att.com/catalog/en/skus/images/samsung-galaxy%20a51%205g-prism%20cube%20black-450x350.png,sku1070076,//www.att.com/cellphones/samsung/samsung-galaxy-a51-5g.html#sku=sku1070076,"Samsung Galaxy A51 5G",3302,3.9846,prod10100288,pda,/shopmobile/cellphones/samsung/samsung-galaxy-a51-5g.html#sku=sku1070076,//www.att.com/cellphones/samsung/samsung-galaxy-a51-5g.html#sku=sku1070076,"The Samsung Galaxy A51 5G offers amazing features at a great price. Take crisp, vibrant and pro-quality images with the quad cam, 48MP main camera. Get lost in your favorite entertainment with the 6.5"" Infinity display. And with the long-lasting and fast-charging 4,500mAh battery, you'll have the power you need to keep doing your favorite things.",499.99,//www.att.com/buy/phones/samsung-galaxy-a51-5g-128gb-prism-cube-black.html
Samsung,"Samsung Galaxy Z Fold3 5G - 256GB ",1799.99,1799.99,"Galaxy Z Fold3 5G",//www.att.com/catalog/en/skus/images/samsung-galaxy%20z%20fold3%205g-phantom%20silver-450x350.png,sku1690043,//www.att.com/cellphones/samsung/samsung-galaxy-z-fold3-5g.html#sku=sku1690043,"Samsung Galaxy Z Fold3 5G",34415,4.6749,prod10330294,pda,/shopmobile/cellphones/samsung/samsung-galaxy-z-fold3-5g.html#sku=sku1690043,//www.att.com/cellphones/samsung/samsung-galaxy-z-fold3-5g.html#sku=sku1690043,"Meet the Samsung Galaxy Z Fold3 5G<sup>1</sup> with a 7.6-inch Infinity Flex QXGA+ 120Hz display and an Under Display Camera, so you can watch movies or play games on the edge-to-edge foldable screen. Multi-task for work and play with up to three multi-windows. Durability for confidence with water resistance<sup>2</sup>.",1799.99,//www.att.com/buy/phones/samsung-galaxy-z-fold3-5g-256gb-phantom-silver.html
Samsung,"Samsung Galaxy Z Fold3 5G - 256GB ",1799.99,1799.99,"Galaxy Z Fold3 5G",//www.att.com/catalog/en/skus/images/samsung-galaxy%20z%20fold3%205g-phantom%20green-450x350.png,sku1690044,//www.att.com/cellphones/samsung/samsung-galaxy-z-fold3-5g.html#sku=sku1690044,"Samsung Galaxy Z Fold3 5G",50359,4.6798,prod10330294,pda,/shopmobile/cellphones/samsung/samsung-galaxy-z-fold3-5g.html#sku=sku1690044,//www.att.com/cellphones/samsung/samsung-galaxy-z-fold3-5g.html#sku=sku1690044,"Meet the Samsung Galaxy Z Fold3 5G<sup>1</sup> with a 7.6-inch Infinity Flex QXGA+ 120Hz display and an Under Display Camera, so you can watch movies or play games on the edge-to-edge foldable screen. Multi-task for work and play with up to three multi-windows. Durability for confidence with water resistance<sup>2</sup>.",1799.99,//www.att.com/buy/phones/samsung-galaxy-z-fold3-5g-256gb-phantom-green.html
Samsung,"Samsung Galaxy Z Fold3 5G - 256GB ",1799.99,1799.99,"Galaxy Z Fold3 5G",//www.att.com/catalog/en/skus/images/samsung-galaxy%20z%20fold3%205g-phantom%20black-450x350.png,sku1690042,//www.att.com/cellphones/samsung/samsung-galaxy-z-fold3-5g.html#sku=sku1690042,"Samsung Galaxy Z Fold3 5G",900000042,4.6798,prod10330294,pda,/shopmobile/cellphones/samsung/samsung-galaxy-z-fold3-5g.html#sku=sku1690042,//www.att.com/cellphones/samsung/samsung-galaxy-z-fold3-5g.html#sku=sku1690042,"Meet the Samsung Galaxy Z Fold3 5G<sup>1</sup> with a 7.6-inch Infinity Flex QXGA+ 120Hz display and an Under Display Camera, so you can watch movies or play games on the edge-to-edge foldable screen. Multi-task for work and play with up to three multi-windows. Durability for confidence with water resistance<sup>2</sup>.",1799.99,//www.att.com/buy/phones/samsung-galaxy-z-fold3-5g-256gb-phantom-black.html
Samsung,"Samsung Galaxy Z Flip3 5G - 256GB ",1049.99,1049.99,"Galaxy Z Flip3 5G",//www.att.com/catalog/en/skus/images/samsung-galaxy%20z%20flip3%205g-phantom%20black-450x350.png,sku1690047,//www.att.com/cellphones/samsung/samsung-galaxy-z-flip3-5g.html#sku=sku1690047,"Samsung Galaxy Z Flip3 5G",34556,4.5241,prod10330305,pda,/shopmobile/cellphones/samsung/samsung-galaxy-z-flip3-5g.html#sku=sku1690047,//www.att.com/cellphones/samsung/samsung-galaxy-z-flip3-5g.html#sku=sku1690047,"The Samsung Galaxy Z Flip3 5G<sup>1<sup> holds its own with hands-free pics and video calls, is water resistant<sup>2</sup>, has cover screen for notifications, and can multi-task up to two apps at a time. Flex your way with AT&T 5G.",1049.99,//www.att.com/buy/phones/samsung-galaxy-z-flip3-5g-256gb-phantom-black.html
Samsung,"Samsung Galaxy Z Flip3 5G - 128GB ",999.99,999.99,"Galaxy Z Flip3 5G",//www.att.com/catalog/en/skus/images/samsung-galaxy%20z%20flip3%205g-cream-450x350.png,sku1690048,//www.att.com/cellphones/samsung/samsung-galaxy-z-flip3-5g.html#sku=sku1690048,"Samsung Galaxy Z Flip3 5G",900000047,4.5241,prod10330306,pda,/shopmobile/cellphones/samsung/samsung-galaxy-z-flip3-5g.html#sku=sku1690048,//www.att.com/cellphones/samsung/samsung-galaxy-z-flip3-5g.html#sku=sku1690048,"The Samsung Galaxy Z Flip3 5G<sup>1</sup> holds its own with hands-free pics and video calls, is water resistant<sup>2</sup>, has cover screen for notifications, and can multi-task up to two apps at a time. Flex your way with AT&T 5G.",999.99,//www.att.com/buy/phones/samsung-galaxy-z-flip3-5g-128gb-cream.html
Samsung,"Samsung Galaxy Z Fold3 5G - 512GB ",1899.99,1899.99,"Galaxy Z Fold3 5G",//www.att.com/catalog/en/skus/images/samsung-galaxy%20z%20fold3%205g-phantom%20black-450x350.png,sku1690045,//www.att.com/cellphones/samsung/samsung-galaxy-z-fold3-5g.html#sku=sku1690045,"Samsung Galaxy Z Fold3 5G",67355,4.6798,prod10330303,pda,/shopmobile/cellphones/samsung/samsung-galaxy-z-fold3-5g.html#sku=sku1690045,//www.att.com/cellphones/samsung/samsung-galaxy-z-fold3-5g.html#sku=sku1690045,"Meet the Samsung Galaxy Z Fold3 5G<sup>1</sup> with a 7.6-inch Infinity Flex QXGA+ 120Hz display and an Under Display Camera, so you can watch movies or play games on the edge-to-edge foldable screen. Multi-task for work and play with up to three multi-windows. Durability for confidence with water resistance<sup>2</sup>.",1899.99,//www.att.com/buy/phones/samsung-galaxy-z-fold3-5g-512gb-phantom-black.html
Samsung,"Samsung Galaxy A32 5G - 64GB ",279.99,279.99,"Galaxy A32 5G",//www.att.com/catalog/en/skus/images/samsung-galaxy%20a32%205g-awesome%20black-450x350.png,sku1250006,//www.att.com/cellphones/samsung/samsung-galaxy-a32-5g.html#sku=sku1250006,"Samsung Galaxy A32 5G",52325,4.121,prod10310385,pda,/shopmobile/cellphones/samsung/samsung-galaxy-a32-5g.html#sku=sku1250006,//www.att.com/cellphones/samsung/samsung-galaxy-a32-5g.html#sku=sku1250006,"The Samsung Galaxy A32 5G1 has a 6.5-inch HD+ Infinity-V display, a long-lasting, fast charging battery, expandable memory, and a quad rear camera system. Enjoy awesome features and more while you stay connected with AT&T 5G. Fast. Reliable. Secure.",279.99,//www.att.com/buy/phones/samsung-galaxy-a32-5g-64gb-awesome-black.html
AT&T,"AT&T Fusion 5G - 64GB ",219.99,219.99,"Fusion 5G",//www.att.com/catalog/en/skus/images/at%26t-fusion%205g-steel%20graphite-450x350.png,sku2430220,//www.att.com/cellphones/iphone/apple-iphone-12-pro.html#sku=sku1150103,"AT&T Fusion 5G",19455,3.9091,prod10440225,pda,/shopmobile/cellphones/iphone/apple-iphone-12-pro.html#sku=sku1150103,//www.att.com/cellphones/iphone/apple-iphone-12-pro.html#sku=sku1150103,"Leap into the future with the AT&T Fusion&reg; 5G. 5G connectivity is about more than just speed, and now you can take advantage of all its perks without the hefty price tag! Built with the latest, leading-edge technology, the Fusion&reg; 5G can transform your world by bringing more to your fingertips in real time than ever before, and its powerful Octa-core MediaTek Dimensity 700 processor ensures remarkable performance so you can live life seamlessly, whether at work or at play.",219.99,//www.att.com/buy/phones/att-fusion-5g-64gb-steel-graphite.html
Samsung,"Samsung Galaxy S22+ - 128GB ",999.99,999.99,"Galaxy S22+",//www.att.com/catalog/en/skus/images/samsung-galaxy%20s22+-phantom%20black-450x350.png,sku2480270,//www.att.com/cellphones/iphone/apple-iphone-13-mini.html#sku=sku2360549,"Samsung Galaxy S22+",0,0,prod10470336,pda,/shopmobile/cellphones/iphone/apple-iphone-13-mini.html#sku=sku2360549,//www.att.com/cellphones/iphone/apple-iphone-13-mini.html#sku=sku2360549,"With the Samsung Galaxy S22+ you can capture detailed photos or videos even in the dark. Keep doing what you love all day and then some with battery for a day, and into the next.  Adaptive brightness, easy on the eyes indoors and outdoors. Create and share your moments with the 12 MP low-light selfie camera.",999.99,//www.att.com/buy/phones/samsung-galaxy-s22plus-128gb-phantom-black.html
Samsung,"Samsung Galaxy S21 Ultra 5G - 128GB ",1199.99,1199.99,"Galaxy S21 Ultra 5G",//www.att.com/catalog/en/skus/images/samsung-galaxy%20s21%20ultra%205g-phantom%20black-450x350.png,sku1190121,//www.att.com/cellphones/samsung/samsung-galaxy-s21-ultra-5g.html#sku=sku1190121,"Samsung Galaxy S21 Ultra 5G",308752,4.7027,prod10260263,pda,/shopmobile/cellphones/samsung/samsung-galaxy-s21-ultra-5g.html#sku=sku1190121,//www.att.com/cellphones/samsung/samsung-galaxy-s21-ultra-5g.html#sku=sku1190121,"The Samsung Galaxy S21 Ultra 5G* has a 6.8-inch 120Hz adaptive display, a 108 MP rear camera, hyper-fast processor, and a striking design. Get creative, do things your way, and stay connected with AT&T 5G.",1199.99,//www.att.com/buy/phones/samsung-galaxy-s21-ultra-5g-128gb-phantom-black.html
AT&T,"AT&T Nano SIM Card ",0.00,0.00,"Nano SIM Card - Tablet",//www.att.com/catalog/en/skus/images/at%26t-nano%20sim%20card%20-%20tablet-black-450x350.png,sku10860259,//www.att.com/cellphones/samsung/samsung-galaxy-s21-ultra-5g.html#sku=sku1190121,"AT&T Nano SIM Card - Tablet",0,0,prod11410237,handset,/shopmobile/cellphones/samsung/samsung-galaxy-s21-ultra-5g.html#sku=sku1190121,//www.att.com/cellphones/samsung/samsung-galaxy-s21-ultra-5g.html#sku=sku1190121,"Nano SIM Card",0.00,"//www.att.com/buy/phones/att-nano-sim-card-tablet-black (copy).html"
Sonim,,699.99,699.99,XP8,//www.att.com/catalog/en/skus/images/sonim-xp8-black-450x350.png,sku8820322,//www.att.com/cellphones/sonim/xp8.html#sku=sku8820322,"Sonim XP8",2459,3.3095,prod9510261,pda,/shopmobile/cellphones/sonim/xp8.html#sku=sku8820322,//www.att.com/cellphones/sonim/xp8.html#sku=sku8820322,"The world's toughest smartphone is engineered to perform in the harshest environments. Military tested and rated to meet or exceed MIL-STD-810G standards for ruggedness. Built to take on bumps, spills, temperature extremes, rain, dust, and grime.",699.99,//www.att.com/buy/phones/sonim-xp8-64gb-black.html
Sonim,"Sonim XP5s ",339.99,339.99,XP5s,//www.att.com/catalog/en/skus/images/sonim-xp5s-black%20on%20grey-450x350.png,sku8820325,//www.att.com/cellphones/sonim/xp5s.html#sku=sku8820325,"Sonim XP5s",492,3.1429,prod9530223,handset,/shopmobile/cellphones/sonim/xp5s.html#sku=sku8820325,//www.att.com/cellphones/sonim/xp5s.html#sku=sku8820325,"Legendary durability meets simplicity in the ultra-rugged water-, dust-, and drop-proof Sonim XP5s®. This easy-to-use feature phone boasts Enhanced Push-to-Talk (EPTT) capabilities, a long-lasting battery, and is backed by a comprehensive 3-yr warranty.",339.99,//www.att.com/buy/phones/sonim-xp5s-16gb-black-on-grey.html
Samsung,"Samsung Galaxy S20+ 5G - 128GB ",1199.99,1199.99,"Galaxy S20+ 5G",//www.att.com/catalog/en/skus/images/samsung-galaxy%20s20+%205g-cosmic%20gray-450x350.png,sku1000382,//www.att.com/cellphones/samsung/samsung-galaxy-s20plus-5g.html#sku=sku1000382,"Samsung Galaxy S20+ 5G",5549,4.3273,prod10630223,pda,/shopmobile/cellphones/samsung/samsung-galaxy-s20plus-5g.html#sku=sku1000382,//www.att.com/cellphones/samsung/samsung-galaxy-s20plus-5g.html#sku=sku1000382,"The Samsung Galaxy S20+ 5G helps you superpower virtually everything you create with pro-grade-like quad lenses and 30X Super Space Zoom.",1199.99,//www.att.com/buy/phones/samsung-galaxy-s20plus-5g-128gb-cosmic-gray.html
Samsung,"Samsung Galaxy S21+ 5G - 128 GB ",999.99,999.99,"Galaxy S21+ 5G",//www.att.com/catalog/en/skus/images/samsung-galaxy%20s21+%205g-phantom%20violet-450x350.png,sku1190106,//www.att.com/cellphones/samsung/samsung-galaxy-s21plus-5g.html#sku=sku1190106,"Samsung Galaxy S21+ 5G",71,4.6706,prod10260257,pda,/shopmobile/cellphones/samsung/samsung-galaxy-s21plus-5g.html#sku=sku1190106,//www.att.com/cellphones/samsung/samsung-galaxy-s21plus-5g.html#sku=sku1190106,"The Samsung Galaxy S21+ 5G has a 6.7-inch display, an incredible camera, hyper-fast processor, a sleek design, and a battery that’s there when you need it most. Get creative, do things your way, and stay connected with AT&T 5G. Fast. Reliable. Secure.",999.99,//www.att.com/buy/phones/samsung-galaxy-s21plus-5g-128gb-phantom-violet.html
Kyocera,"Kyocera DuraXE Epic - 16GB ",269.99,269.99,"DuraXE Epic",//www.att.com/catalog/en/skus/images/kyocera-duraxe%20epic-black-450x350.png,sku1220046,//www.att.com/cellphones/kyocera/kyocera-duraxe-epic.html#sku=sku1220046,"Kyocera DuraXE Epic",14890,4.301,prod10280392,handset,/shopmobile/cellphones/kyocera/kyocera-duraxe-epic.html#sku=sku1220046,//www.att.com/cellphones/kyocera/kyocera-duraxe-epic.html#sku=sku1220046,"DuraXE Epic is designed to meet your demands, whether you work in challenging environments, are outdoorsy or simply need a rugged, reliable phone. Military grade tough, equipped with PTT, superior audio & a 5 MP camera keep you productive anywhere.",269.99,//www.att.com/buy/phones/kyocera-duraxe-epic-16gb-black.html
Kyocera,"Kyocera DuraXE Epic (Non-Camera) - 16GB ",269.99,269.99,"DuraXE Epic (Non-Camera)",//www.att.com/catalog/en/skus/images/kyocera-duraxe%20epic%20(non-camera)-black-450x350.png,sku1220047,//www.att.com/cellphones/kyocera/kyocera-duraxe-epic-non-camera.html#sku=sku1220047,"Kyocera DuraXE Epic (Non-Camera)",2459,4.7143,prod10280393,handset,/shopmobile/cellphones/kyocera/kyocera-duraxe-epic-non-camera.html#sku=sku1220047,//www.att.com/cellphones/kyocera/kyocera-duraxe-epic-non-camera.html#sku=sku1220047,"DuraXE Epic is designed to meet your demands, whether you work in challenging environments, are outdoorsy or simply need a rugged, reliable phone. Military grade tough, equipped with PTT, superior audio will keep you productive anywhere.",269.99,//www.att.com/buy/phones/kyocera-duraxe-epic-nocamera-16gb-black.html
Samsung,"Samsung Galaxy XCover FieldPro - 64GB ",1104.99,1104.99,"Galaxy XCover FieldPro",//www.att.com/catalog/en/skus/images/samsung-galaxy%20xcover%20fieldpro-black-450x350.png,sku1000389,//www.att.com/cellphones/samsung/samsung-galaxy-xcover-fieldpro.html#sku=sku1000389,"Samsung Galaxy XCover FieldPro",5128,4.113,prod10000461,pda,/shopmobile/cellphones/samsung/samsung-galaxy-xcover-fieldpro.html#sku=sku1000389,//www.att.com/cellphones/samsung/samsung-galaxy-xcover-fieldpro.html#sku=sku1000389,"Get the best price online on a tough phone for tough situations with the Samsung Galaxy XCover FieldPro on the Nation's Best Network.",1104.99,//www.att.com/buy/phones/samsung-galaxy-xcover-fieldpro-64gb-black.html
AT&T,,0.00,0.00,"Universal SIM",//www.att.com/catalog/en/skus/images/at%26t-universal%20sim-white-450x350.png,sku9350235,//www.att.com/cellphones/att/universal-sim-card-wearable.html#sku=sku9350235,"AT&T Universal SIM Card",4215,0,prod10000226,network,/shopmobile/cellphones/att/universal-sim-card-wearable.html#sku=sku9350235,//www.att.com/cellphones/att/universal-sim-card-wearable.html#sku=sku9350235,"AT&T Universal SIM Card",0.00,//www.att.com/buy/phones/universal-sim-card-bring-your-own-wearable.html
Google,"Google Pixel 6 - 128GB ",739.99,739.99,"Pixel 6",//www.att.com/catalog/en/skus/images/google-pixel%206-stormy%20black-450x350.png,sku2380299,//www.att.com/cellphones/att/universal-sim-card-wearable.html#sku=sku9350235,"Google Pixel 6",900000048,3.8937,prod10390239,pda,/shopmobile/cellphones/att/universal-sim-card-wearable.html#sku=sku9350235,//www.att.com/cellphones/att/universal-sim-card-wearable.html#sku=sku9350235,"The Google Pixel 6 provides a personalized experience. Security for your digital life with the Titan M2TM security chip. Fast-charge2 and keep going with the 4,614 mAh battery. Celebrate your photos with the advanced camera with smart features. Uniquely yours with AT&T 5G. Fast. Reliable. Secure.",739.99,//www.att.com/buy/phones/google-pixel-6-128gb-stormy-black.html
AT&T,,0.00,0.00,"Universal Activation Card",//www.att.com/catalog/en/skus/images/at%26t-universal%20activation%20card-black-450x350.png,sku9350240,//www.att.com/cellphones/att/universal-sim-card-wearable.html#sku=sku9350235,"AT&T Universal Activation Card",9763,0,prod10000231,pda,/shopmobile/cellphones/att/universal-sim-card-wearable.html#sku=sku9350235,//www.att.com/cellphones/att/universal-sim-card-wearable.html#sku=sku9350235,"AT&T Universal Activation Card",0.00,//www.att.com/buy/phones/att-universal-activation-card-phone-black.html
Google,"Google Pixel 6 Pro - 128GB ",939.99,939.99,"Pixel 6 Pro",//www.att.com/catalog/en/skus/images/google-pixel%206%20pro-stormy%20black-450x350.png,sku2380295,//www.att.com/tablets/ipad/apple-ipad-air-2020.html#sku=sku10580259,"Google Pixel 6 Pro",53660,4.1154,prod10390237,pda,/shopmobile/tablets/ipad/apple-ipad-air-2020.html#sku=sku10580259,//www.att.com/tablets/ipad/apple-ipad-air-2020.html#sku=sku10580259,"The Google Pixel 6 Pro is secure to the core. It can last beyond 24 hours with the 5,000mAh battery. Make every photo picture-perfect with camera features like magic eraser. Stream your videos in a 6.7-inch display with a 120Hz refresh rate. Uniquely yours with AT&T 5G. Fast. Reliable. Secure.",939.99,//www.att.com/buy/phones/google-pixel-6-pro-128gb-stormy-black.html
Samsung,"Samsung Galaxy S22+ - 128GB ",999.99,999.99,"Galaxy S22+",//www.att.com/catalog/en/skus/images/samsung-galaxy%20s22+-pink%20gold-450x350.png,sku2480262,//www.att.com/tablets/ipad/apple-ipad-air-2020.html#sku=sku10580257,"Samsung Galaxy S22+",0,0,prod10470336,pda,/shopmobile/tablets/ipad/apple-ipad-air-2020.html#sku=sku10580257,//www.att.com/tablets/ipad/apple-ipad-air-2020.html#sku=sku10580257,"With the Samsung Galaxy S22+ you can capture detailed photos or videos even in the dark. Keep doing what you love all day and then some with battery for a day, and into the next.  Adaptive brightness, easy on the eyes indoors and outdoors. Create and share your moments with the 12 MP low-light selfie camera.",999.99,//www.att.com/buy/phones/samsung-galaxy-s22plus-128gb-pink-gold.html
Samsung,"Samsung Galaxy S22+ - 256GB ",999.99,999.99,"Galaxy S22+",//www.att.com/catalog/en/skus/images/samsung-galaxy%20s22+-pink%20gold-450x350.png,sku2480264,//www.att.com/tablets/ipad/apple-ipad-air-2020.html#sku=sku10580255,"Samsung Galaxy S22+",276549,0,prod10470337,pda,/shopmobile/tablets/ipad/apple-ipad-air-2020.html#sku=sku10580255,//www.att.com/tablets/ipad/apple-ipad-air-2020.html#sku=sku10580255,"With the Samsung Galaxy S22+ you can capture detailed photos or videos even in the dark. Keep doing what you love all day and then some with battery for a day, and into the next.  Adaptive brightness, easy on the eyes indoors and outdoors. Create and share your moments with the 12 MP low-light selfie camera.",999.99,//www.att.com/buy/phones/samsung-galaxy-s22plus-256gb-pink-gold.html
Google,"Google Pixel 6 Pro - 256GB ",1039.99,1039.99,"Pixel 6 Pro",//www.att.com/catalog/en/skus/images/google-pixel%206%20pro-stormy%20black-450x350.png,sku2380291,//www.att.com/tablets/ipad/apple-ipad-air-2020.html#sku=sku10580255,"Google Pixel 6 Pro",42211,4.1154,prod10390236,pda,/shopmobile/tablets/ipad/apple-ipad-air-2020.html#sku=sku10580255,//www.att.com/tablets/ipad/apple-ipad-air-2020.html#sku=sku10580255,"The Google Pixel 6 Pro is secure to the core. It can last beyond 24 hours with the 5,000mAh battery. Make every photo picture-perfect with camera features like magic eraser. Stream your videos in a 6.7-inch display with a 120Hz refresh rate. Uniquely yours with AT&T 5G. Fast. Reliable. Secure.",1039.99,//www.att.com/buy/phones/google-pixel-6-pro-256gb-stormy-black.html
Samsung,"Samsung Galaxy S22+ - 128GB ",999.99,999.99,"Galaxy S22+",//www.att.com/catalog/en/skus/images/samsung-galaxy%20s22+-green-450x350.png,sku2480263,//www.att.com/tablets/ipad/apple-ipad-air-2020.html#sku=sku10580255,"Samsung Galaxy S22+",0,0,prod10470336,pda,/shopmobile/tablets/ipad/apple-ipad-air-2020.html#sku=sku10580255,//www.att.com/tablets/ipad/apple-ipad-air-2020.html#sku=sku10580255,"With the Samsung Galaxy S22+ you can capture detailed photos or videos even in the dark. Keep doing what you love all day and then some with battery for a day, and into the next.  Adaptive brightness, easy on the eyes indoors and outdoors. Create and share your moments with the 12 MP low-light selfie camera.",999.99,//www.att.com/buy/phones/samsung-galaxy-s22plus-128gb-green.html
Samsung,"Samsung Galaxy S22+ - 128GB ",999.99,999.99,"Galaxy S22+",//www.att.com/catalog/en/skus/images/samsung-galaxy%20s22+-phantom%20white-450x350.png,sku2480266,//www.att.com/tablets/ipad/apple-ipad-air-2020.html#sku=sku10580255,"Samsung Galaxy S22+",0,0,prod10470336,pda,/shopmobile/tablets/ipad/apple-ipad-air-2020.html#sku=sku10580255,//www.att.com/tablets/ipad/apple-ipad-air-2020.html#sku=sku10580255,"With the Samsung Galaxy S22+ you can capture detailed photos or videos even in the dark. Keep doing what you love all day and then some with battery for a day, and into the next.  Adaptive brightness, easy on the eyes indoors and outdoors. Create and share your moments with the 12 MP low-light selfie camera.",999.99,//www.att.com/buy/phones/samsung-galaxy-s22plus-128gb-phantom-white.html
Google,"Google Pixel 6 Pro - 128GB ",939.99,939.99,"Pixel 6 Pro",//www.att.com/catalog/en/skus/images/google-pixel%206%20pro-cloudy%20white-450x350.png,sku2380293,//www.att.com/tablets/ipad/apple-ipad-air-2020.html#sku=sku10580255,"Google Pixel 6 Pro",900000044,4.1154,prod10390237,pda,/shopmobile/tablets/ipad/apple-ipad-air-2020.html#sku=sku10580255,//www.att.com/tablets/ipad/apple-ipad-air-2020.html#sku=sku10580255,"The Google Pixel 6 Pro is secure to the core. It can last beyond 24 hours with the 5,000mAh battery. Make every photo picture-perfect with camera features like magic eraser. Stream your videos in a 6.7-inch display with a 120Hz refresh rate. Uniquely yours with AT&T 5G. Fast. Reliable. Secure.",939.99,//www.att.com/buy/phones/google-pixel-6-pro-128gb-cloudy-white.html
Samsung,"Samsung Galaxy S22+ - 256GB ",999.99,999.99,"Galaxy S22+",//www.att.com/catalog/en/skus/images/samsung-galaxy%20s22+-green-450x350.png,sku2480265,//www.att.com/tablets/ipad/apple-ipad-air-2020.html#sku=sku10580255,"Samsung Galaxy S22+",900000054,0,prod10470337,pda,/shopmobile/tablets/ipad/apple-ipad-air-2020.html#sku=sku10580255,//www.att.com/tablets/ipad/apple-ipad-air-2020.html#sku=sku10580255,"With the Samsung Galaxy S22+ you can capture detailed photos or videos even in the dark. Keep doing what you love all day and then some with battery for a day, and into the next.  Adaptive brightness, easy on the eyes indoors and outdoors. Create and share your moments with the 12 MP low-light selfie camera.",999.99,//www.att.com/buy/phones/samsung-galaxy-s22plus-256gb-green.html
Samsung,"Samsung Galaxy S22+ - 256GB ",999.99,999.99,"Galaxy S22+",//www.att.com/catalog/en/skus/images/samsung-galaxy%20s22+-phantom%20white-450x350.png,sku2480268,//www.att.com/tablets/ipad/apple-ipad-air-2020.html#sku=sku10580255,"Samsung Galaxy S22+",156975,0,prod10470337,pda,/shopmobile/tablets/ipad/apple-ipad-air-2020.html#sku=sku10580255,//www.att.com/tablets/ipad/apple-ipad-air-2020.html#sku=sku10580255,"With the Samsung Galaxy S22+ you can capture detailed photos or videos even in the dark. Keep doing what you love all day and then some with battery for a day, and into the next.  Adaptive brightness, easy on the eyes indoors and outdoors. Create and share your moments with the 12 MP low-light selfie camera.",999.99,//www.att.com/buy/phones/samsung-galaxy-s22plus-256gb-phantom-white.html
Samsung,"Samsung Galaxy S22+ - 256GB ",999.99,999.99,"Galaxy S22+",//www.att.com/catalog/en/skus/images/samsung-galaxy%20s22+-phantom%20black-450x350.png,sku2480267,//www.att.com/tablets/ipad/apple-ipad-air-2020.html#sku=sku10580255,"Samsung Galaxy S22+",497525,0,prod10470337,pda,/shopmobile/tablets/ipad/apple-ipad-air-2020.html#sku=sku10580255,//www.att.com/tablets/ipad/apple-ipad-air-2020.html#sku=sku10580255,"With the Samsung Galaxy S22+ you can capture detailed photos or videos even in the dark. Keep doing what you love all day and then some with battery for a day, and into the next.  Adaptive brightness, easy on the eyes indoors and outdoors. Create and share your moments with the 12 MP low-light selfie camera.",999.99,//www.att.com/buy/phones/samsung-galaxy-s22plus-256gb-phantom-black.html
Samsung,"Samsung Galaxy A03s - 32GB - Blue ",129.99,129.99,"Galaxy A03s",//www.att.com/catalog/en/skus/images/samsung-galaxy%20a03s-blue-450x350.png,sku2470220,//www.att.com/tablets/ipad/apple-ipad-mini-2021.html#sku=sku2360573,"Samsung Galaxy A03s - AT&T PREPAID",900000024,4.1667,prod10470257,pda,/shopmobile/tablets/ipad/apple-ipad-mini-2021.html#sku=sku2360573,//www.att.com/tablets/ipad/apple-ipad-mini-2021.html#sku=sku2360573,"If you value simplicity, Galaxy A03s is the phone for you. That means you get the awesome essentials like a long-lasting battery, high-definition display and multi-lens camera, all in one of our most affordable phones.",129.99,//www.att.com/buy/prepaid-phones/samsung-galaxy-a03s-32gb-blue-prepaid.html
Samsung,"Samsung Galaxy A71 5G - 128GB ",599.99,599.99,"Galaxy A71 5G",//www.att.com/catalog/en/skus/images/samsung-galaxy%20a71%205g-prism%20cube%20black-450x350.png,sku1040231,//www.att.com/cellphones/samsung/samsung-galaxy-a71-5g.html#sku=sku1040231,"Samsung Galaxy A71 5G",1616,4.3611,prod10080358,pda,/shopmobile/cellphones/samsung/samsung-galaxy-a71-5g.html#sku=sku1040231,//www.att.com/cellphones/samsung/samsung-galaxy-a71-5g.html#sku=sku1040231,"Enjoy a stylish smartphone with a beautiful 6.7-inch Infinity display at a great price. Use the quad camera to capture your favorite memories. Keep going for hours with the long-lasting 4,500 mAh battery.",599.99,//www.att.com/buy/phones/samsung-galaxy-a71-5g-128gb-prism-cube-black.html
